{"cameraMode":{"drawMode":0,"name":"Shaded","section":"Shading Mode"},"sceneLighting":false,"audioPlay":false,"sceneViewState":{"showFog":true,"showMaterialUpdate":false,"showSkybox":false,"showFlares":true,"showImageEffects":true,"showParticleSystems":true},"in2DMode":false,"pivot":{"x":0.0,"y":0.025000005960464479,"z":0.1899999976158142},"rotation":{"x":0.18821583688259126,"y":0.10730420798063278,"z":-0.020692352205514909,"w":0.9760289788246155},"size":2.9250640869140627,"orthographic":true}